{"cameraMode":{"drawMode":0,"name":"Shaded","section":"Shading Mode"},"sceneLighting":false,"audioPlay":false,"sceneViewState":{"showFog":true,"showMaterialUpdate":false,"showSkybox":false,"showFlares":true,"showImageEffects":true,"showParticleSystems":true,"showVisualEffectGraphs":true,"m_FxEnabled":true},"in2DMode":false,"pivot":{"x":-56.906253814697269,"y":-7.067104339599609,"z":170.18174743652345},"rotation":{"x":-0.0036082719452679159,"y":0.9871363043785095,"z":-0.1582907736301422,"w":-0.02251662313938141},"size":2.5809807777404787,"orthographic":true}