{"cameraMode":{"drawMode":0,"name":"Shaded","section":"Shading Mode"},"sceneLighting":false,"audioPlay":false,"sceneViewState":{"showFog":true,"showMaterialUpdate":false,"showSkybox":false,"showFlares":true,"showImageEffects":true,"showParticleSystems":true,"showVisualEffectGraphs":true,"m_FxEnabled":true},"in2DMode":false,"pivot":{"x":-3.049999952316284,"y":0.13000011444091798,"z":-3.7300000190734865},"rotation":{"x":0.043484948575496677,"y":0.008094103075563908,"z":-0.00035232046502642334,"w":0.9990218281745911},"size":4.691481590270996,"orthographic":true}