{"cameraMode":{"drawMode":0,"name":"Shaded","section":"Shading Mode"},"sceneLighting":true,"audioPlay":false,"sceneViewState":{"showFog":true,"showMaterialUpdate":false,"showSkybox":true,"showFlares":true,"showImageEffects":true,"showParticleSystems":true,"showVisualEffectGraphs":true,"m_FxEnabled":true},"in2DMode":false,"pivot":{"x":358.8302001953125,"y":101.46296691894531,"z":24.47034454345703},"rotation":{"x":0.22590507566928864,"y":0.032428476959466937,"z":-0.007525247987359762,"w":0.9735850691795349},"size":256.9028625488281,"orthographic":false}