{"cameraMode":{"drawMode":0,"name":"Shaded","section":"Shading Mode"},"sceneLighting":false,"audioPlay":false,"sceneViewState":{"showFog":true,"showMaterialUpdate":false,"showSkybox":false,"showFlares":true,"showImageEffects":true,"showParticleSystems":true,"showVisualEffectGraphs":true,"m_FxEnabled":true},"in2DMode":false,"pivot":{"x":0.16106748580932618,"y":0.45621705055236819,"z":-4.082181453704834},"rotation":{"x":0.014163690619170666,"y":0.9584435224533081,"z":-0.28080064058303835,"w":0.04834430664777756},"size":2.5435330867767336,"orthographic":true}