{"cameraMode":{"drawMode":0,"name":"Shaded","section":"Shading Mode"},"sceneLighting":false,"audioPlay":false,"sceneViewState":{"showFog":true,"showMaterialUpdate":false,"showSkybox":false,"showFlares":true,"showImageEffects":true,"showParticleSystems":true,"showVisualEffectGraphs":true,"m_FxEnabled":true},"in2DMode":false,"pivot":{"x":-4.052637100219727,"y":2.7261505126953127,"z":4.887170791625977},"rotation":{"x":0.002917611040174961,"y":-0.23274274170398713,"z":0.0006982316845096648,"w":0.9725341200828552},"size":2.642272710800171,"orthographic":false}