{"cameraMode":{"drawMode":0,"name":"Shaded","section":"Shading Mode"},"sceneLighting":false,"audioPlay":false,"sceneViewState":{"showFog":true,"showMaterialUpdate":false,"showSkybox":false,"showFlares":true,"showImageEffects":true,"showParticleSystems":true,"showVisualEffectGraphs":true,"m_FxEnabled":true},"in2DMode":false,"pivot":{"x":0.2109934687614441,"y":-1.51637601852417,"z":15.354007720947266},"rotation":{"x":-0.0062048896215856079,"y":0.985728919506073,"z":-0.16413725912570954,"w":-0.03728462755680084},"size":3.7713372707366945,"orthographic":true}