{"cameraMode":{"drawMode":0,"name":"Shaded","section":"Shading Mode"},"sceneLighting":false,"audioPlay":false,"sceneViewState":{"showFog":true,"showMaterialUpdate":false,"showSkybox":false,"showFlares":true,"showImageEffects":true,"showParticleSystems":true,"showVisualEffectGraphs":true,"m_FxEnabled":true},"in2DMode":false,"pivot":{"x":-0.018887042999267579,"y":0.30613934993743899,"z":-0.006856560707092285},"rotation":{"x":0.03463263064622879,"y":0.9484608173370361,"z":-0.11147819459438324,"w":0.2946346402168274},"size":0.9727782011032105,"orthographic":true}