{"cameraMode":{"drawMode":0,"name":"Shaded","section":"Shading Mode"},"sceneLighting":false,"audioPlay":false,"sceneViewState":{"showFog":true,"showMaterialUpdate":false,"showSkybox":false,"showFlares":true,"showImageEffects":true,"showParticleSystems":true,"showVisualEffectGraphs":true,"m_FxEnabled":true},"in2DMode":false,"pivot":{"x":-5.216251850128174,"y":0.12493585050106049,"z":-4.609353065490723},"rotation":{"x":0.014163690619170666,"y":0.9584435224533081,"z":-0.28080064058303835,"w":0.04834430664777756},"size":2.837420701980591,"orthographic":true}