{"cameraMode":{"drawMode":0,"name":"Shaded","section":"Shading Mode"},"sceneLighting":false,"audioPlay":false,"sceneViewState":{"showFog":true,"showMaterialUpdate":false,"showSkybox":false,"showFlares":true,"showImageEffects":true,"showParticleSystems":true,"showVisualEffectGraphs":true,"m_FxEnabled":true},"in2DMode":false,"pivot":{"x":0.4514751434326172,"y":-0.44599199295043948,"z":-5.177204608917236},"rotation":{"x":0.16739945113658906,"y":-0.21777655184268952,"z":0.03794356435537338,"w":0.9607867002487183},"size":3.816084384918213,"orthographic":false}