{"cameraMode":{"drawMode":0,"name":"Shaded","section":"Shading Mode"},"sceneLighting":false,"audioPlay":false,"sceneViewState":{"showFog":true,"showMaterialUpdate":false,"showSkybox":false,"showFlares":true,"showImageEffects":true,"showParticleSystems":true,"showVisualEffectGraphs":true,"m_FxEnabled":true},"in2DMode":false,"pivot":{"x":0.4286230802536011,"y":0.5588943958282471,"z":-0.03741560876369476},"rotation":{"x":-0.0067230225540697578,"y":0.9923497438430786,"z":-0.10608655214309693,"w":-0.06290565431118012},"size":0.8541243672370911,"orthographic":true}