{"cameraMode":{"drawMode":0,"name":"Shaded","section":"Shading Mode"},"sceneLighting":false,"audioPlay":false,"sceneViewState":{"showFog":true,"showMaterialUpdate":false,"showSkybox":false,"showFlares":true,"showImageEffects":true,"showParticleSystems":true,"showVisualEffectGraphs":true,"m_FxEnabled":true},"in2DMode":false,"pivot":{"x":0.26631098985671999,"y":0.5588968992233276,"z":-0.5126991271972656},"rotation":{"x":-0.005498082377016544,"y":0.993550717830658,"z":-0.05519867315888405,"w":-0.09899063408374787},"size":0.8541243672370911,"orthographic":true}