{"cameraMode":{"drawMode":0,"name":"Shaded","section":"Shading Mode"},"sceneLighting":false,"audioPlay":false,"sceneViewState":{"showFog":true,"showMaterialUpdate":false,"showSkybox":false,"showFlares":true,"showImageEffects":true,"showParticleSystems":true,"showVisualEffectGraphs":true,"m_FxEnabled":true},"in2DMode":false,"pivot":{"x":0.004079319536685944,"y":0.20578671991825105,"z":0.014538697898387909},"rotation":{"x":0.22509823739528657,"y":0.5658241510391235,"z":-0.1641225814819336,"w":0.7760506272315979},"size":-0.2768619656562805,"orthographic":false}